decade,mean_lightness,mean_saturation,color_diversity,n_images
1980,126.29932364612684,18.102771227895467,27.909153405454553,7
1990,131.63260183331406,15.459101823640182,27.905538282347795,336
2000,132.28862802983292,12.026686872608867,25.31546545867949,3711
2010,133.60367441948867,11.062021005228383,25.59699324460256,12149
2020,132.5530468418361,12.192926495770115,25.320646767431036,3797
