decade,mean_lightness,mean_saturation,color_diversity,n_images
1980,127.17164432547662,16.571577319490142,27.917220125662674,8
1990,131.46457518692338,15.112771927763136,27.974000352022905,496
2000,132.17743086077874,12.076705374095758,25.299646746947115,5588
2010,133.64016454939375,11.0726554486695,25.5877559046632,18152
2020,133.74268662451576,12.196744596821862,25.323224581949326,5756
