season,mean_lightness,mean_saturation,color_diversity,n_images
Fall,123.15537504906742,10.966497847833235,25.441332753341722,4356
Pre-Fall,139.36454246756654,11.826170314008994,25.42806725386125,541
Resort,157.10339870717362,10.808704697964783,25.595825218709848,696
Spring,137.86677660911886,12.273617506050408,25.66159196570127,4407
