decade1,decade2,transition,color_distance
1980,1990,1980s → 1990s,3.271907874793165
1990,2000,1990s → 2000s,3.3150818862698954
2000,2010,2000s → 2010s,1.3474000569888114
2010,2020,2010s → 2020s,0.21463176141988966
