season,mean_lightness,mean_saturation,color_diversity,n_images
Fall,123.68507090207181,11.076842927233931,25.46395702745479,13047
Pre-Fall,141.28852653456983,11.270143550679714,25.368906685146563,1636
Resort,157.81402521034127,10.953166526340373,25.497483531148585,2039
Spring,138.11119975409582,12.12663124423767,25.60484607912197,13278
